State;Continent;Owner;RT.com;Spt.ru;All %;OK;Fail;Flag;Euro %;OK;Fail;Flag;TTJA %;OK;Fail;Flag;NEPLP %;OK;Fail;Flag;Cat3 %;Cat5 %
RU;EU;JSC ER-Telecom Holding;0;0;0.2;49;12;0;0.5;11;11;0;0.0;5;0;0;0.03;37;1;0;0.0;0.0
DE;EU;Hetzner Online GmbH;0;0;0.2;88;22;0;0.49;18;17;0;0.0;9;0;0;0.12;67;9;0;0.0;0.0
MD;EU;Alexhost Srl;0;0;0.2;86;22;0;0.52;16;17;1;0.0;9;0;0;0.12;67;9;0;0.33;0.2
RS;EU;M247 Ltd;0;0;0.2;88;22;0;0.49;18;17;0;0.0;9;0;0;0.12;67;9;0;0.0;0.0
PL;EU;ATM S.A.;0;0;0.2;88;22;0;0.49;18;17;0;0.0;9;0;0;0.12;67;9;0;0.0;0.0
DE;EU;Hetzner Online GmbH;0;0;0.22;86;24;0;0.54;16;19;1;0.0;9;0;0;0.12;67;9;0;0.33;0.2
NO;EU;Globalconnect As;0;0;0.27;22;8;0;0.6;4;6;0;0.0;6;0;0;0.23;17;5;0;0.0;0.0
DE;EU;SPRINTLINK;0;0;0.15;82;15;0;0.45;12;10;0;0.0;9;0;0;0.09;67;7;0;0.0;0.0
ES;EU;Telefonica De Espana;0;0;0.2;88;22;0;0.49;18;17;0;0.0;9;0;0;0.12;67;9;0;0.0;0.0
FR;EU;Online S.a.s.;0;0;0.2;88;22;0;0.49;18;17;0;0.0;9;0;0;0.12;67;9;0;0.0;0.0
DE;EU;netcup GmbH;0;0;1.0;0;2;0;1.0;0;2;0;0;0;0;0;0;0;0;0;0.0;0.0
ES;EU;Xtra Telecom S.A.;0;0;0.2;82;21;0;0.5;16;16;0;0.0;9;0;0;0.12;63;9;0;0.0;0.0
NL;EU;UUNET;0;0;0.34;73;37;0;0.91;3;32;1;0.0;9;0;0;0.14;65;11;0;0.33;0.2
DE;EU;myLoc managed IT AG;0;0;0.2;88;22;0;0.49;18;17;0;0.0;9;0;0;0.12;67;9;0;0.0;0.0
RU;EU;JSC Elektrosvyaz;0;0;0.11;16;2;0;0.5;1;1;0;0.0;3;0;0;0.12;14;2;0;0.0;0.0
CH;EU;Bluewin;0;0;0.35;13;7;0;0.62;3;5;0;0.0;1;0;0;0.17;10;2;0;0.0;0.0
RU;EU;Rostelecom;0;0;0.27;22;8;0;0.75;2;6;0;0.0;2;0;0;0.14;19;3;0;0.0;0.0
DE;EU;myLoc managed IT AG;0;0;0.2;88;22;0;0.49;18;17;0;0.0;9;0;0;0.12;67;9;0;0.0;0.0
RU;EU;Joint-stock company Internet Exchange MSK-IX;0;0;0.19;88;21;0;0.47;18;16;0;0.0;9;0;0;0.12;67;9;0;0.0;0.0
RU;EU;Hosting technology LTD;0;0;0.2;86;22;0;0.52;16;17;1;0.0;9;0;0;0.12;67;9;0;0.33;0.2
UA;EU;Ugletelecom, State Telecommunications Agency;0;0;0.21;11;3;0;0.4;3;2;0;0.0;1;0;0;0.11;8;1;0;0.0;0.0
CH;EU;Bluewin;0;0;0.2;88;22;0;0.49;18;17;0;0.0;9;0;0;0.12;67;9;0;0.0;0.0
FR;EU;OVH SAS;0;0;0.2;88;22;0;0.49;18;17;0;0.0;9;0;0;0.12;67;9;0;0.0;0.0
CH;EU;Bluewin;0;0;0.2;88;22;0;0.49;18;17;0;0.0;9;0;0;0.12;67;9;0;0.0;0.0
--;~~;Google;0;0;0.2;88;22;0;0.49;18;17;0;0.0;9;0;0;0.12;67;9;0;0.0;0.0
FR;EU;OVH SAS;0;0;0.2;76;19;0;0.48;16;15;0;0.0;7;0;0;0.11;56;7;0;0.0;0.0
NO;EU;M247 Ltd;0;0;0.19;88;21;0;0.47;18;16;0;0.0;9;0;0;0.12;67;9;0;0.0;0.0
RU;EU;YANDEX LLC;0;0;0.2;86;22;0;0.52;16;17;1;0.0;9;0;0;0.12;67;9;0;0.33;0.2
MD;EU;Orange Moldova S.A.;0;0;0.35;15;8;0;0.57;3;4;0;0.0;2;0;0;0.33;10;5;0;0.0;0.0
RU;EU;Sibirskie Innovacionnye Sistemy Ltd;0;0;0.0;1;0;0;0;0;0;0;0;0;0;0;0.0;1;0;0;0.0;0.0
RU;EU;MTS PJSC;0;0;0.14;18;3;0;0.5;3;3;0;0;0;0;0;0.0;15;0;0;0.0;0.0
IT;EU;Aruba S.p.A.;0;0;0.22;86;24;0;0.54;16;19;1;0.0;9;0;0;0.12;67;9;0;0.33;0.2
BE;EU;UUNET;0;0;0.34;73;37;0;0.91;3;32;1;0.0;9;0;0;0.14;65;11;0;0.33;0.2
PL;EU;Technical University of Gdansk, Academic Computer Center TASK;0;0;0.2;88;22;0;0.49;18;17;0;0.0;9;0;0;0.12;67;9;0;0.0;0.0
IT;EU;Aruba S.p.A.;0;0;0.2;88;22;0;0.49;18;17;0;0.0;9;0;0;0.12;67;9;0;0.0;0.0
GB;EU;Liquid Telecommunications Ltd;0;0;0.2;88;22;0;0.49;18;17;0;0.0;9;0;0;0.12;67;9;0;0.0;0.0
IT;EU;C1V;0;0;0.19;84;20;0;0.5;16;16;0;0.0;8;0;0;0.11;65;8;0;0.0;0.0
RU;EU;NetOne Rus JSC;0;0;0.36;9;5;0;0.71;2;5;0;0.0;1;0;0;0.2;8;2;0;0.0;0.0
CZ;EU;T-Mobile Czech Republic a.s.;0;0;0.2;86;21;0;0.47;18;16;0;0.0;8;0;0;0.12;66;9;0;0.0;0.0
NL;EU;Cambrium IT Services B.V.;0;0;0.19;57;13;0;0.45;11;9;0;0.0;5;0;0;0.1;43;5;0;0.0;0.0
DE;EU;ADDIX Internet Services GmbH;0;0;0.2;88;22;0;0.49;18;17;0;0.0;9;0;0;0.12;67;9;0;0.0;0.0
NL;EU;The Infrastructure Group B.V.;0;0;0.21;87;23;0;0.49;18;17;0;0.0;9;0;0;0.13;66;10;0;0.0;0.0
FR;EU;OVH SAS;0;0;0.2;88;22;0;0.49;18;17;0;0.0;9;0;0;0.12;67;9;0;0.0;0.0
DE;EU;uvensys GmbH;0;0;0.19;88;21;0;0.47;18;16;0;0.0;9;0;0;0.12;67;9;0;0.0;0.0
BE;EU;UUNET;0;0;0.34;73;37;0;0.91;3;32;1;0.0;9;0;0;0.14;65;11;0;0.33;0.2
CH;EU;Bluewin;0;0;0.2;88;22;0;0.49;18;17;0;0.0;9;0;0;0.12;67;9;0;0.0;0.0
CZ;EU;INTERNET CZ, a.s.;0;0;0.21;82;22;0;0.5;17;17;0;0.0;8;0;0;0.12;63;9;0;0.0;0.0
DK;EU;ASERGO Scandinavia ApS;0;0;0.22;76;21;0;0.48;17;16;0;0.0;8;0;0;0.12;57;8;0;0.0;0.0
DE;EU;Hetzner Online GmbH;0;0;0.24;82;26;0;0.62;13;21;1;0.0;8;0;0;0.12;67;9;0;0.33;0.2
RU;EU;JSC ER-Telecom Holding;0;0;0.21;87;23;0;0.51;17;18;1;0.0;9;0;0;0.12;67;9;0;0.33;0.2
RU;EU;JSC ER-Telecom Holding;0;0;0.2;88;22;0;0.49;18;17;0;0.0;9;0;0;0.12;67;9;0;0.0;0.0
--;~~;Quad9;0;1;0.23;81;24;0;0.58;14;19;1;0.0;9;0;0;0.14;63;10;0;0.33;0.4
GR;EU;Hellenic Parliament;0;0;0.11;81;10;0;0.29;12;5;0;0.0;8;0;0;0.08;67;6;0;0.0;0.0
DE;EU;netcup GmbH;0;0;0.2;88;22;0;0.49;18;17;0;0.0;9;0;0;0.12;67;9;0;0.0;0.0
GB;EU;IONOS SE;0;0;0.23;37;11;0;0.58;5;7;1;0.0;3;0;0;0.18;31;7;0;0.33;0.2
RO;EU;RCS & RDS;0;0;0.18;74;16;0;0.5;11;11;0;0.0;9;0;0;0.12;60;8;0;0.0;0.0
CH;EU;Bluewin;0;0;0.26;80;28;0;0.68;11;23;1;0.0;9;0;0;0.15;64;11;0;0.33;0.2
SE;EU;GlobalConnect AB;0;0;0.46;59;51;0;0.66;12;23;1;0.22;7;2;0;0.42;44;32;0;0.33;0.2
RU;EU;Iskratelecom CJSC;0;0;0.19;87;21;0;0.47;18;16;0;0.0;9;0;0;0.11;66;8;0;0.0;0.0
--;~~;Yandex.DNS;0;0;0.2;86;22;0;0.52;16;17;1;0.0;9;0;0;0.12;67;9;0;0.33;0.2
GB;EU;Wessex Internet Limited;0;0;0.19;50;12;0;0.45;11;9;0;0.0;6;0;0;0.14;37;6;0;0.0;0.0
GB;EU;MDNX;0;0;0.2;35;9;0;0.58;5;7;1;0.0;5;0;0;0.12;29;4;0;0.33;0.2
GB;EU;IONOS SE;0;0;0.2;82;20;0;0.52;14;15;1;0.0;9;0;0;0.12;65;9;0;0.33;0.2
DE;EU;Probe Networks;0;0;0.2;88;22;0;0.49;18;17;0;0.0;9;0;0;0.12;67;9;0;0.0;0.0
LT;EU;UAB Cgates;0;0;0.17;30;6;0;0.38;8;5;0;0.0;1;0;0;0.16;21;4;0;0.0;0.0
GB;EU;Virgin Media Limited;0;0;0.2;64;16;0;0.45;12;10;0;0.0;7;0;0;0.16;49;9;0;0.0;0.0
RU;EU;JSC ER-Telecom Holding;0;0;0.23;30;9;0;0.41;10;7;0;0.0;4;0;0;0.15;17;3;0;0.0;0.0
GB;EU;Qubic Group Limited;0;0;0.2;86;21;0;0.47;18;16;0;0.0;9;0;0;0.12;65;9;0;0.0;0.0
GB;EU;Electronic Media Services Ltd;0;0;0.17;73;15;0;0.42;15;11;0;0.0;5;0;0;0.11;55;7;0;0.0;0.0
GB;EU;IONOS SE;0;0;0.19;88;21;0;0.47;18;16;0;0.0;9;0;0;0.12;67;9;0;0.0;0.0
NO;EU;Itera Norge AS;0;0;0.25;66;22;0;0.46;15;13;0;0.0;7;0;0;0.2;48;12;0;0.0;0.0
SE;EU;Telia Company AB;0;0;0.22;75;21;0;0.47;18;16;0;0.0;9;0;0;0.13;54;8;0;0.0;0.0
IT;EU;Irideos S.p.A.;0;0;0.19;88;21;0;0.47;18;16;0;0.0;9;0;0;0.12;67;9;0;0.0;0.0
IT;EU;Prometeo S.p.A.;0;1;0.33;73;36;0;0.88;4;30;1;0.0;9;0;0;0.16;64;12;0;0.33;0.4
RU;EU;Rostelecom;0;0;0.12;21;3;0;0.67;1;2;0;0.0;3;0;0;0.05;19;1;0;0.0;0.0
CH;EU;Bluewin;0;0;0.2;87;22;0;0.5;17;17;0;0.0;9;0;0;0.12;67;9;0;0.0;0.0
FR;EU;OVH SAS;0;0;0.21;84;22;0;0.55;14;17;1;0.0;9;0;0;0.12;67;9;0;0.33;0.2
CH;EU;Bluewin;0;0;0.2;88;22;0;0.49;18;17;0;0.0;9;0;0;0.12;67;9;0;0.0;0.0
CH;EU;Reichle & De-Massari AG;0;0;0.2;88;22;0;0.49;18;17;0;0.0;9;0;0;0.12;67;9;0;0.0;0.0
CH;EU;Bluewin;0;0;0.27;80;30;0;0.71;10;25;1;0.0;9;0;0;0.13;66;10;0;0.33;0.2
DE;EU;CW Vodafone Group PLC;0;0;0.21;84;22;0;0.52;16;17;1;0.0;9;0;0;0.12;65;9;0;0.33;0.2
BG;EU;A1 Bulgaria EAD;0;0;0.25;9;3;0;0.75;1;3;0;0.0;1;0;0;0.11;8;1;0;0.0;0.0
RU;EU;Rostelecom;0;0;0.2;24;6;0;0.6;4;6;0;0.0;5;0;0;0.06;17;1;0;0.0;0.0
GB;EU;UUNET;0;0;0.34;73;37;0;0.91;3;32;1;0.0;9;0;0;0.14;65;11;0;0.33;0.2
RU;EU;JSC ER-Telecom Holding;0;0;0.2;74;19;0;0.5;15;15;0;0.0;8;0;0;0.12;57;8;0;0.0;0.0
RU;EU;YANDEX LLC;0;0;0.18;86;19;0;0.47;16;14;0;0.0;9;0;0;0.11;67;8;0;0.0;0.0
CZ;EU;M247 Ltd;0;0;0.18;87;19;0;0.47;17;15;0;0.0;9;0;0;0.11;67;8;0;0.0;0.0
RU;EU;JSC ER-Telecom Holding;0;0;0.19;42;10;0;0.42;11;8;0;0.0;4;0;0;0.14;30;5;0;0.0;0.0
BG;EU;M247 Ltd;0;0;0.2;88;22;0;0.49;18;17;0;0.0;9;0;0;0.12;67;9;0;0.0;0.0
FR;EU;OVH SAS;0;0;0.2;88;22;0;0.49;18;17;0;0.0;9;0;0;0.12;67;9;0;0.0;0.0
SK;EU;S.A. NET;0;0;0.15;11;2;0;0.4;3;2;0;0;0;0;0;0.0;9;0;0;0.0;0.0
GB;EU;Ask4 Limited;0;0;0.33;14;7;0;0.46;7;6;0;0.0;2;0;0;0.3;7;3;0;0.0;0.0
RU;EU;IT Ltd.;0;0;0.21;87;23;0;0.51;17;18;1;0.0;9;0;0;0.12;67;9;0;0.33;0.2
RU;EU;Rostelecom;0;0;0.19;81;19;0;0.48;16;15;0;0.0;8;0;0;0.11;62;8;0;0.0;0.0
DE;EU;myLoc managed IT AG;0;0;0.2;87;22;0;0.49;18;17;0;0.0;9;0;0;0.12;66;9;0;0.0;0.0
RU;EU;JSC ER-Telecom Holding;0;0;0.2;86;21;0;0.5;16;16;0;0.0;9;0;0;0.12;67;9;0;0.0;0.0
CH;EU;Bluewin;0;0;0.2;88;22;0;0.49;18;17;0;0.0;9;0;0;0.12;67;9;0;0.0;0.0
ES;EU;M247 Ltd;0;0;0.23;81;24;0;0.48;17;16;0;0.11;8;1;0;0.15;62;11;0;0.0;0.0
GB;EU;Gradwell Communications Limited;0;0;0.17;70;14;0;0.43;12;9;0;0.0;7;0;0;0.11;57;7;0;0.0;0.0
RU;EU;JSC ER-Telecom Holding;0;0;0.19;21;5;0;0.45;6;5;0;0.0;2;0;0;0.12;15;2;0;0.0;0.0
PL;EU;Netia SA;1;1;0.59;42;60;1;0.73;8;22;1;0.62;3;5;1;0.54;33;39;1;1.0;1.0
FR;EU;Association Gitoyen;0;0;0.19;84;20;0;0.52;15;16;1;0.0;9;0;0;0.11;66;8;0;0.33;0.2
GB;EU;IONOS SE;0;0;0.2;86;22;0;0.52;16;17;1;0.0;9;0;0;0.12;67;9;0;0.33;0.2
FR;EU;OVH SAS;0;0;0.2;88;22;0;0.49;18;17;0;0.0;9;0;0;0.12;67;9;0;0.0;0.0
DK;EU;Kracon ApS;0;0;0.19;88;21;0;0.47;18;16;0;0.0;9;0;0;0.12;67;9;0;0.0;0.0
AT;EU;M247 Ltd;0;0;0.2;88;22;0;0.49;18;17;0;0.0;9;0;0;0.12;67;9;0;0.0;0.0
DE;EU;Hetzner Online GmbH;0;0;0.21;82;22;0;0.53;14;16;1;0.11;8;1;0;0.13;65;10;0;0.33;0.2
GB;EU;UUNET;0;0;0.34;73;37;0;0.91;3;32;1;0.0;9;0;0;0.14;65;11;0;0.33;0.2
DE;EU;Hetzner Online GmbH;0;0;0.21;87;23;0;0.49;18;17;0;0.0;9;0;0;0.13;66;10;0;0.0;0.0
DE;EU;Contabo GmbH;0;0;0.21;85;22;0;0.52;16;17;1;0.0;8;0;0;0.12;67;9;0;0.33;0.2
DK;EU;Thomas Steen Rasmussen;0;0;0.2;88;22;0;0.49;18;17;0;0.0;9;0;0;0.12;67;9;0;0.0;0.0
UA;EU;Content Delivery Network Ltd;0;0;0.15;17;3;0;0.33;4;2;0;0.0;1;0;0;0.08;12;1;0;0.0;0.0
GR;EU;University Of Ioannina;0;0;0.2;88;22;0;0.49;18;17;0;0.0;9;0;0;0.12;67;9;0;0.0;0.0
GB;EU;IONOS SE;0;0;0.2;84;21;0;0.53;14;16;1;0.0;9;0;0;0.12;67;9;0;0.33;0.2
DK;EU;M247 Ltd;0;0;0.2;88;22;0;0.49;18;17;0;0.0;9;0;0;0.12;67;9;0;0.0;0.0
RU;EU;JSC ER-Telecom Holding;0;0;0.16;38;7;0;0.36;9;5;0;0.0;2;0;0;0.06;30;2;0;0.0;0.0
CH;EU;Bluewin;0;1;0.33;70;34;0;0.85;5;29;1;0.0;8;0;0;0.14;61;10;0;0.33;0.4
--;~~;XTOM;0;0;0.22;82;23;0;0.56;14;18;1;0.0;8;0;0;0.12;66;9;0;0.33;0.2
NL;EU;UUNET;0;0;0.34;73;37;0;0.91;3;32;1;0.0;9;0;0;0.14;65;11;0;0.33;0.2
SK;EU;SWAN, a.s.;0;0;0.2;88;22;0;0.49;18;17;0;0.0;9;0;0;0.12;67;9;0;0.0;0.0
DE;EU;Lennart Seitz;0;0;0.21;81;21;0;0.52;16;17;1;0.0;7;0;0;0.11;62;8;0;0.33;0.2
FR;EU;OVH SAS;0;0;0.2;88;22;0;0.49;18;17;0;0.0;9;0;0;0.12;67;9;0;0.0;0.0
EE;EU;Telia;1;1;0.45;60;50;0;1.0;0;35;1;1.0;0;9;1;0.21;60;16;0;0.67;0.8
AT;EU;ANEXIA Internetdienstleistungs GmbH;0;0;0.21;84;23;0;0.51;17;18;1;0.0;7;0;0;0.12;65;9;0;0.33;0.2
GB;EU;Gradwell Communications Limited;0;0;0.21;84;23;0;0.55;15;18;1;0.0;9;0;0;0.12;66;9;0;0.33;0.2
DE;EU;myLoc managed IT AG;0;0;0.21;84;22;0;0.55;14;17;1;0.0;9;0;0;0.12;67;9;0;0.33;0.2
NL;EU;RouteLabel V.O.F.;0;0;0.19;76;18;0;0.47;16;14;0;0.0;8;0;0;0.11;58;7;0;0.0;0.0
CZ;EU;itself s.r.o.;0;0;0.19;88;20;0;0.45;18;15;0;0.0;9;0;0;0.11;67;8;0;0.0;0.0
--;~~;SafeDNS, Inc.;0;0;0.26;81;28;0;0.63;13;22;1;0.0;9;0;0;0.13;65;10;0;0.33;0.2
FR;EU;OVH SAS;0;0;0.14;30;5;0;0.36;7;4;0;0.0;1;0;0;0.08;23;2;0;0.0;0.0
DE;EU;Hetzner Online GmbH;0;0;0.21;82;22;0;0.55;14;17;1;0.0;9;0;0;0.12;64;9;0;0.33;0.2
GB;EU;Bistech Managed Services Ltd;0;1;0.87;12;77;1;1.0;0;22;1;1.0;0;7;1;0.82;12;56;1;1.0;0.8
--;~~;OpenNIC;0;0;0.2;70;18;0;0.48;14;13;0;0.0;8;0;0;0.13;53;8;0;0.0;0.0
RU;EU;YANDEX LLC;0;0;0.2;86;22;0;0.52;16;17;1;0.0;9;0;0;0.12;67;9;0;0.33;0.2
FR;EU;Free SAS;0;0;0.23;17;5;0;0.67;1;2;0;0.0;2;0;0;0.25;15;5;0;0.0;0.0
CZ;EU;T-Mobile Czech Republic a.s.;0;0;0.17;85;18;0;0.45;16;13;0;0.0;9;0;0;0.11;66;8;0;0.0;0.0
ES;EU;Vodafone Ono, S.A.;1;0;0.32;70;33;0;0.62;12;20;1;0.22;7;2;0;0.21;57;15;0;0.33;0.4
FR;EU;OVH SAS;0;0;0.21;84;22;0;0.49;18;17;0;0.0;9;0;0;0.12;63;9;0;0.0;0.0
RU;EU;JSC ER-Telecom Holding;0;0;0.2;70;18;0;0.48;15;14;0;0.0;7;0;0;0.1;54;6;0;0.0;0.0
FR;EU;OVH SAS;0;0;0.21;84;22;0;0.55;14;17;1;0.0;9;0;0;0.12;67;9;0;0.33;0.2
GB;EU;Gigastream plc;1;0;0.4;49;32;0;0.65;8;15;1;0.33;4;2;0;0.3;40;17;0;0.33;0.4
ES;EU;Telefonica De Espana;0;0;0.2;88;22;0;0.49;18;17;0;0.0;9;0;0;0.12;67;9;0;0.0;0.0
CZ;EU;itself s.r.o.;0;0;0.2;88;22;0;0.49;18;17;0;0.0;9;0;0;0.12;67;9;0;0.0;0.0
HU;EU;M247 Ltd;0;0;0.2;88;22;0;0.49;18;17;0;0.0;9;0;0;0.12;67;9;0;0.0;0.0
GB;EU;Serbia BroadBand-Srpske Kablovske mreze d.o.o.;0;0;0.21;11;3;0;0.67;1;2;0;0.0;1;0;0;0.1;9;1;0;0.0;0.0
UA;EU;Golta Home Net;0;0;0.34;72;37;0;0.51;17;18;1;0.33;6;3;0;0.27;55;20;0;0.33;0.2
DE;EU;netcup GmbH;0;0;0.2;88;22;0;0.49;18;17;0;0.0;9;0;0;0.12;67;9;0;0.0;0.0
DE;EU;NbIServ;0;0;0.21;86;23;0;0.51;17;18;1;0.0;9;0;0;0.12;66;9;0;0.33;0.2
SK;EU;SWAN, a.s.;0;0;0.22;25;7;0;0.67;3;6;0;0.0;2;0;0;0.08;22;2;0;0.0;0.0
PL;EU;e-utp.net Marcin Gondek;0;0;0.2;87;22;0;0.49;18;17;0;0.0;9;0;0;0.12;66;9;0;0.0;0.0
FR;EU;OVH SAS;0;0;0.2;88;22;0;0.49;18;17;0;0.0;9;0;0;0.12;67;9;0;0.0;0.0
RU;EU;Serveroid, LLC;0;0;0.24;80;25;0;0.65;11;20;1;0.0;9;0;0;0.12;66;9;0;0.33;0.2
RU;EU;YANDEX LLC;0;0;0.2;86;21;0;0.5;16;16;0;0.0;9;0;0;0.12;67;9;0;0.0;0.0
DE;EU;InfoServe GmbH;0;1;0.88;10;75;1;1.0;0;27;1;1.0;0;8;1;0.82;10;46;1;1.0;0.8
--;~~;Cloudflare;0;0;0.2;88;22;0;0.49;18;17;0;0.0;9;0;0;0.12;67;9;0;0.0;0.0
GB;EU;IONOS SE;0;0;0.2;88;22;0;0.49;18;17;0;0.0;9;0;0;0.12;67;9;0;0.0;0.0
GB;EU;British Telecommunications PLC;0;0;0.19;88;21;0;0.47;18;16;0;0.0;9;0;0;0.12;67;9;0;0.0;0.0
DE;EU;Lennart Seitz;0;0;0.22;79;22;0;0.55;14;17;1;0.0;9;0;0;0.13;62;9;0;0.33;0.2
FR;EU;Online S.a.s.;0;0;0.67;36;74;1;0.86;5;30;1;0.67;3;6;1;0.63;28;48;1;1.0;0.6
RU;EU;Digit One LLC;0;0;0.08;11;1;0;0.5;1;1;0;0.0;2;0;0;0.0;10;0;0;0.0;0.0
NL;EU;NForce Entertainment B.V.;0;0;0.21;76;20;0;0.48;17;16;0;0.0;8;0;0;0.12;57;8;0;0.0;0.0
RU;EU;YANDEX LLC;0;0;0.2;86;22;0;0.52;16;17;1;0.0;9;0;0;0.12;67;9;0;0.33;0.2
FR;EU;Association Gitoyen;0;1;0.32;73;35;0;0.88;4;29;1;0.0;9;0;0;0.16;64;12;0;0.33;0.4
HR;EU;Sedmi Odjel d.o.o.;0;0;0.2;70;17;0;0.46;15;13;0;0.0;6;0;0;0.12;52;7;0;0.0;0.0
FR;EU;OVH SAS;0;0;0.2;88;22;0;0.49;18;17;0;0.0;9;0;0;0.12;67;9;0;0.0;0.0
RU;EU;JSC ER-Telecom Holding;0;0;0.2;88;22;0;0.49;18;17;0;0.0;9;0;0;0.12;67;9;0;0.0;0.0
CH;EU;Monzoon Networks AG;0;1;0.32;73;34;0;0.88;4;28;1;0.0;9;0;0;0.16;64;12;0;0.33;0.4
UA;EU;Donbass Electronic Communications Ltd.;0;0;0.3;19;8;0;0.57;3;4;0;0.0;3;0;0;0.21;15;4;0;0.0;0.0
DE;EU;netcup GmbH;0;0;0.2;88;22;0;0.49;18;17;0;0.0;9;0;0;0.12;67;9;0;0.0;0.0
RU;EU;PVimpelCom;0;0;0.16;31;6;0;0.42;7;5;0;0.0;1;0;0;0.04;24;1;0;0.0;0.0
PL;EU;Academic Computer Centre CYFRONET AGH;0;0;0.25;82;27;0;0.54;16;19;1;0.22;7;2;0;0.16;63;12;0;0.33;0.2
DE;EU;Hetzner Online GmbH;0;0;0.2;88;22;0;0.49;18;17;0;0.0;9;0;0;0.12;67;9;0;0.0;0.0
DE;EU;IONOS SE;0;0;0.19;76;18;0;0.45;17;14;0;0.0;7;0;0;0.11;57;7;0;0.0;0.0
RU;EU;JSC ER-Telecom Holding;0;0;0.17;43;9;0;0.44;9;7;0;0.0;4;0;0;0.11;31;4;0;0.0;0.0
RU;EU;Rostelecom;0;0;0.19;88;21;0;0.47;18;16;0;0.0;9;0;0;0.12;67;9;0;0.0;0.0
CZ;EU;FreeTel, s.r.o.;0;0;0.21;76;20;0;0.49;18;17;0;0.0;9;0;0;0.11;55;7;0;0.0;0.0
GB;EU;SPRINTLINK;0;0;0.11;86;11;0;0.27;16;6;0;0.0;9;0;0;0.09;67;7;0;0.0;0.0
NL;EU;UUNET;0;0;0.34;73;37;0;0.91;3;32;1;0.0;9;0;0;0.14;65;11;0;0.33;0.2
IS;EU;Advania Island ehf;0;0;0.2;88;22;0;0.49;18;17;0;0.0;9;0;0;0.12;67;9;0;0.0;0.0
DE;EU;AS250.net Foundation;0;0;0.2;87;22;0;0.5;17;17;0;0.0;9;0;0;0.12;67;9;0;0.0;0.0
FR;EU;Online S.a.s.;0;0;0.2;86;21;0;0.48;17;16;0;0.0;9;0;0;0.12;66;9;0;0.0;0.0
FR;EU;Ecritel SASU;1;0;0.31;71;32;0;0.84;5;27;1;0.0;7;0;0;0.14;63;10;0;0.33;0.4
MK;EU;Univerzitet Sv. Kiril i Metodij;0;0;0.19;88;21;0;0.47;18;16;0;0.0;9;0;0;0.12;67;9;0;0.0;0.0
GB;EU;alwaysON Limited;0;0;0.21;85;22;0;0.49;18;17;0;0.0;9;0;0;0.12;64;9;0;0.0;0.0
PL;EU;M247 Ltd;0;0;0.2;88;22;0;0.49;18;17;0;0.0;9;0;0;0.12;67;9;0;0.0;0.0
GB;EU;MDNX;0;0;0.24;38;12;0;0.53;9;10;1;0.0;3;0;0;0.1;28;3;0;0.33;0.2
BY;EU;Pe netberry;0;0;0.2;86;22;0;0.52;16;17;1;0.0;9;0;0;0.12;67;9;0;0.33;0.2
RU;EU;JSC ER-Telecom Holding;0;0;0.2;82;20;0;0.5;15;15;0;0.0;9;0;0;0.12;64;9;0;0.0;0.0
DK;EU;Danish network for Research and Education;0;0;0.2;86;21;0;0.5;16;16;0;0.0;9;0;0;0.12;67;9;0;0.0;0.0
GB;EU;IONOS SE;0;0;0.23;80;24;0;0.61;12;19;1;0.0;9;0;0;0.12;65;9;0;0.33;0.2
DE;EU;Baumann Technologie GmbH;0;0;0.2;88;22;0;0.49;18;17;0;0.0;9;0;0;0.12;67;9;0;0.0;0.0
DE;EU;R-KOM Telekommunikationsgesellschaft mbH & Co. KG;0;0;0.21;87;23;0;0.51;17;18;1;0.0;9;0;0;0.12;67;9;0;0.33;0.2
GB;EU;Pulsant (Scotland) Ltd;0;0;0.2;80;20;0;0.5;15;15;0;0.0;7;0;0;0.13;62;9;0;0.0;0.0
IE;EU;M247 Ltd;0;0;0.23;84;25;0;0.47;18;16;0;0.11;8;1;0;0.16;64;12;0;0.0;0.0
DK;EU;Danish network for Research and Education;0;0;0.21;84;22;0;0.55;14;17;1;0.0;9;0;0;0.12;67;9;0;0.33;0.2
GB;EU;LEVEL3;0;0;0.26;77;27;0;0.5;17;17;0;0.12;7;1;0;0.18;58;13;0;0.0;0.0
DE;EU;Freie Netze Muenchen e.V.;0;1;0.34;73;37;0;0.89;4;31;1;0.0;9;0;0;0.16;64;12;0;0.33;0.4
FR;EU;OVH SAS;0;0;0.19;88;20;0;0.45;18;15;0;0.0;9;0;0;0.12;67;9;0;0.0;0.0
CH;EU;Bluewin;0;1;0.33;73;36;0;0.88;4;30;1;0.0;9;0;0;0.16;64;12;0;0.33;0.4
RU;EU;Intersvyaz-2 JSC;0;0;0.19;26;6;0;0.38;5;3;0;0.0;3;0;0;0.16;21;4;0;0.0;0.0
RO;EU;Euroweb Romania S.R.L.;0;0;0.23;80;24;0;0.47;18;16;0;0.0;9;0;0;0.17;59;12;0;0.0;0.0
SE;EU;Atea A/S;0;0;0.2;87;22;0;0.49;18;17;0;0.0;9;0;0;0.12;66;9;0;0.0;0.0
DE;EU;Lennart Seitz;0;0;0.21;83;22;0;0.49;18;17;0;0.0;8;0;0;0.12;63;9;0;0.0;0.0
NL;EU;Netwerkvereniging Coloclue;0;0;0.2;88;22;0;0.49;18;17;0;0.0;9;0;0;0.12;67;9;0;0.0;0.0
CH;EU;Private Layer INC;0;0;0.2;88;22;0;0.49;18;17;0;0.0;9;0;0;0.12;67;9;0;0.0;0.0
DK;EU;Kracon ApS;0;0;0.2;87;22;0;0.5;17;17;0;0.0;9;0;0;0.12;67;9;0;0.0;0.0
RU;EU;LLC Digital Network;0;0;0.21;27;7;0;0.75;1;3;0;0.0;3;0;0;0.17;25;5;0;0.0;0.0
ES;EU;Electronica Martinez de Cartagena S.L.;0;0;0.2;70;18;0;0.5;16;16;0;0.0;4;0;0;0.1;52;6;0;0.0;0.0
RU;EU;Rostelecom;0;0;0.18;18;4;0;0.29;5;2;0;0.0;1;0;0;0.14;12;2;0;0.0;0.0
RO;EU;Agentia de Administrare a Retelei Nationale de Informatica pentru Educatie si Cercetare;0;0;0.2;88;22;0;0.49;18;17;0;0.0;9;0;0;0.12;67;9;0;0.0;0.0
IT;EU;M247 Ltd;0;0;0.2;88;22;0;0.49;18;17;0;0.0;9;0;0;0.12;67;9;0;0.0;0.0
CH;EU;Bluewin;0;0;0.2;88;22;0;0.49;18;17;0;0.0;9;0;0;0.12;67;9;0;0.0;0.0
GB;EU;IONOS SE;0;0;0.2;86;22;0;0.49;18;17;0;0.0;9;0;0;0.12;65;9;0;0.0;0.0
CZ;EU;CZ.NIC, z.s.p.o.;0;0;0.2;86;22;0;0.52;16;17;1;0.0;9;0;0;0.12;67;9;0;0.33;0.2
RU;EU;JSC ER-Telecom Holding;0;0;0.2;88;22;0;0.49;18;17;0;0.0;9;0;0;0.12;67;9;0;0.0;0.0
--;~~;Neustar;0;1;0.33;71;35;0;0.91;3;29;1;0.0;9;0;0;0.16;63;12;0;0.33;0.4
--;~~;Alternate DNS;0;0;0.17;91;19;0;0.4;21;14;0;0.0;9;0;0;0.12;67;9;0;0.0;0.0
RU;EU;MTS PJSC;0;0;0.4;6;4;0;0.8;1;4;0;0.0;1;0;0;0.0;5;0;0;0.0;0.0
FR;EU;AS-CHOOPA;0;0;0.22;75;21;0;0.48;17;16;0;0.0;8;0;0;0.12;56;8;0;0.0;0.0
DE;EU;Hetzner Online GmbH;0;0;0.19;84;20;0;0.45;18;15;0;0.0;9;0;0;0.1;63;7;0;0.0;0.0
GB;EU;IONOS SE;0;0;0.2;88;22;0;0.49;18;17;0;0.0;9;0;0;0.12;67;9;0;0.0;0.0
CH;EU;Bluewin;0;1;0.34;73;37;0;0.89;4;31;1;0.0;9;0;0;0.16;64;12;0;0.33;0.4
CH;EU;Bluewin;0;1;0.32;73;35;0;0.88;4;29;1;0.0;9;0;0;0.16;64;12;0;0.33;0.4
RU;EU;Joint-stock company Internet Exchange MSK-IX;0;0;0.2;88;22;0;0.49;18;17;0;0.0;9;0;0;0.12;67;9;0;0.0;0.0
DE;EU;netcup GmbH;0;0;0.21;86;23;0;0.53;16;18;1;0.0;9;0;0;0.12;67;9;0;0.33;0.2
RU;EU;Rostelecom;0;0;0.17;15;3;0;0.5;3;3;0;0.0;2;0;0;0.0;10;0;0;0.0;0.0
CH;EU;NTD SA;0;0;0.22;84;24;0;0.53;16;18;1;0.0;9;0;0;0.15;63;11;0;0.33;0.2
PL;EU;OVH SAS;0;1;0.83;15;73;1;1.0;0;31;1;0.17;5;1;0;0.78;13;46;1;0.67;0.6
GB;EU;Wildcard UK Limited;0;0;0.33;4;2;0;0.67;1;2;0;0;0;0;0;0.0;3;0;0;0.0;0.0
RU;EU;YANDEX LLC;0;0;0.2;86;22;0;0.52;16;17;1;0.0;9;0;0;0.12;67;9;0;0.33;0.2
FR;EU;UUNET;0;0;0.33;73;36;0;0.91;3;32;1;0.0;9;0;0;0.13;65;10;0;0.33;0.2
BE;EU;Brutele SC;0;0;0.2;72;18;0;0.52;12;13;1;0.0;9;0;0;0.12;57;8;0;0.33;0.2
HU;EU;KIFU (Governmental Info Tech Development Agency);0;0;0.2;84;21;0;0.53;14;16;1;0.0;9;0;0;0.12;67;9;0;0.33;0.2
FI;EU;Nullroute ry;0;0;0.24;78;24;0;0.68;9;19;1;0.0;9;0;0;0.12;65;9;0;0.33;0.2
RU;EU;Rostelecom;0;0;0.19;88;21;0;0.47;18;16;0;0.0;9;0;0;0.12;67;9;0;0.0;0.0
RU;EU;Digit One LLC;0;0;0.08;23;2;0;0.12;7;1;0;0.0;3;0;0;0.12;14;2;0;0.0;0.0
BE;EU;M247 Ltd;0;0;0.2;88;22;0;0.49;18;17;0;0.0;9;0;0;0.12;67;9;0;0.0;0.0
FR;EU;OVH SAS;0;0;0.25;83;27;0;0.49;18;17;0;0.0;9;0;0;0.18;62;14;0;0.0;0.0
DK;EU;Tele Danmark;0;0;0.12;93;13;0;0.26;23;8;0;0.0;9;0;0;0.11;67;8;0;0.0;0.0
NL;EU;T-Mobile Thuis BV;0;0;0.24;37;12;0;0.59;7;10;1;0.0;4;0;0;0.16;26;5;0;0.33;0.2
AT;EU;nemox.net Informationstechnologie OG;0;0;0.17;85;18;0;0.42;18;13;0;0.0;9;0;0;0.12;64;9;0;0.0;0.0
SE;EU;GleSYS AB;0;0;0.22;75;21;0;0.48;17;16;0;0.0;8;0;0;0.14;56;9;0;0.0;0.0
NL;EU;Enreach Netherlands B.V.;0;0;0.22;86;24;0;0.54;16;19;1;0.0;9;0;0;0.12;67;9;0;0.33;0.2
BG;EU;A1 Bulgaria EAD;1;0;0.43;8;6;0;1.0;0;4;0;0.0;2;0;0;0.25;6;2;0;0.0;0.2
RU;EU;Rostelecom;0;0;0.26;17;6;0;0.6;4;6;0;0;0;0;0;0.07;14;1;0;0.0;0.0
--;~~;SafeServe;0;0;0.21;77;21;0;0.53;15;17;1;0.0;9;0;0;0.12;59;8;0;0.33;0.2
RU;EU;Rostelecom;0;0;0.25;21;7;0;0.6;4;6;0;0.0;2;0;0;0.15;17;3;0;0.0;0.0
DE;EU;SkyLink Data Center BV;0;0;0.19;88;21;0;0.47;18;16;0;0.0;9;0;0;0.12;67;9;0;0.0;0.0
FR;EU;Association Alsace Reseau Neutre;0;0;0.2;88;22;0;0.49;18;17;0;0.0;9;0;0;0.12;67;9;0;0.0;0.0
CH;EU;Reichle & De-Massari AG;0;0;0.19;88;21;0;0.47;18;16;0;0.0;9;0;0;0.12;67;9;0;0.0;0.0
DE;EU;netcup GmbH;0;0;0.19;88;21;0;0.47;18;16;0;0.0;9;0;0;0.12;67;9;0;0.0;0.0
RU;EU;Timer, LLC;0;0;0.14;19;3;0;0.43;4;3;0;0.0;3;0;0;0.0;14;0;0;0.0;0.0
GB;EU;Gradwell Communications Limited;0;0;0.19;83;20;0;0.48;16;15;0;0.0;8;0;0;0.11;64;8;0;0.0;0.0
CH;EU;Bluewin;0;0;0.2;87;22;0;0.5;17;17;0;0.0;9;0;0;0.12;66;9;0;0.0;0.0
GB;EU;IONOS SE;0;0;0.2;84;21;0;0.53;14;16;1;0.0;9;0;0;0.12;67;9;0;0.33;0.2
DE;EU;Hetzner Online GmbH;0;0;0.21;85;22;0;0.49;18;17;0;0.0;9;0;0;0.12;64;9;0;0.0;0.0
--;~~;DNS.WATCH;0;1;0.31;72;33;0;0.9;3;27;1;0.0;9;0;0;0.16;64;12;0;0.33;0.4
DK;EU;Danish network for Research and Education;0;0;0.2;88;22;0;0.49;18;17;0;0.0;9;0;0;0.12;67;9;0;0.0;0.0
RU;EU;LLC Baxet;0;0;0.18;9;2;0;1.0;0;2;0;0.0;2;0;0;0.0;8;0;0;0.0;0.0
DE;EU;Contabo GmbH;0;0;0.2;88;22;0;0.49;18;17;0;0.0;9;0;0;0.12;67;9;0;0.0;0.0
--;~~;OpenDNS;0;0;0.22;85;24;0;0.53;16;18;1;0.11;8;1;0;0.12;67;9;0;0.33;0.2
RU;EU;JSC RDE Unico;0;0;0.2;63;16;0;0.57;10;13;1;0.0;6;0;0;0.09;50;5;0;0.33;0.2
--;~~;ControlD;0;0;0.24;84;26;0;0.6;14;21;1;0.0;9;0;0;0.12;67;9;0;0.33;0.2
NO;EU;Globalconnect As;0;0;0.21;85;22;0;0.52;16;17;1;0.0;8;0;0;0.11;67;8;0;0.33;0.2
DE;EU;Vodafone GmbH;0;0;0.19;87;20;0;0.47;17;15;0;0.0;9;0;0;0.09;67;7;0;0.0;0.0
DE;EU;Deutsche Telekom AG;0;0;0.2;80;20;0;0.47;18;16;0;0.0;9;0;0;0.12;59;8;0;0.0;0.0
GB;EU;Telecitygroup International Limited;0;0;0.2;88;22;0;0.49;18;17;0;0.0;9;0;0;0.12;67;9;0;0.0;0.0
RU;EU;Sigma-Net Ltd.;0;0;0.22;29;8;0;0.5;5;5;0;0.0;3;0;0;0.2;24;6;0;0.0;0.0
FR;EU;OVH SAS;0;0;0.07;25;2;0;0.0;6;0;0;0.0;4;0;0;0.1;19;2;0;0.0;0.0
AT;EU;netcup GmbH;0;0;0.3;62;26;0;0.88;3;21;1;0.0;8;0;0;0.14;55;9;0;0.33;0.2
LU;EU;G-Core Labs S.A.;0;0;0.24;81;25;0;0.51;17;18;1;0.0;8;0;0;0.15;62;11;0;0.33;0.2
FR;EU;OVH SAS;0;0;0.2;83;21;0;0.47;18;16;0;0.0;7;0;0;0.12;64;9;0;0.0;0.0
RU;EU;JSC Ufanet;0;0;0.23;17;5;0;0.83;1;5;0;0;0;0;0;0.11;16;2;0;0.0;0.0
BE;EU;lcp nv;0;0;0.22;83;23;0;0.49;18;17;0;0.0;8;0;0;0.14;63;10;0;0.0;0.0
--;~~;AdGuard;0;0;0.23;73;22;0;0.77;5;17;1;0.0;8;0;0;0.12;65;9;0;0.33;0.2
CH;EU;Bluewin;0;0;0.19;81;19;0;0.44;18;14;0;0.0;8;0;0;0.13;61;9;0;0.0;0.0
RU;EU;Serveroid, LLC;0;0;0.22;73;21;0;0.76;5;16;1;0.0;8;0;0;0.12;65;9;0;0.33;0.2
GB;EU;IONOS SE;0;0;0.23;74;22;0;0.57;12;16;1;0.12;7;1;0;0.13;61;9;0;0.33;0.2
DE;EU;Freie Netze Muenchen e.V.;0;1;0.38;68;41;0;0.94;2;32;1;0.0;9;0;0;0.2;61;15;0;0.33;0.4
CH;EU;Bluewin;0;0;0.19;87;20;0;0.45;18;15;0;0.0;9;0;0;0.12;66;9;0;0.0;0.0
GB;EU;IONOS SE;0;0;0.24;78;25;0;0.63;11;19;1;0.11;8;1;0;0.12;64;9;0;0.33;0.2
PL;EU;Orange Polska Spolka Akcyjna;1;1;0.55;15;18;0;0.93;1;13;1;0.5;1;1;0;0.35;13;7;0;0.33;0.6
AT;EU;netcup GmbH;0;0;0.32;65;31;0;0.83;5;24;1;0.11;8;1;0;0.18;56;12;0;0.33;0.2
RU;EU;JSC ER-Telecom Holding;0;0;0.2;81;20;0;0.48;16;15;0;0.0;8;0;0;0.11;63;8;0;0.0;0.0
CZ;EU;O2 Czech Republic, a.s.;0;0;0.28;13;5;0;0.44;5;4;0;0;0;0;0;0.25;9;3;0;0.0;0.0
DE;EU;myLoc managed IT AG;0;0;0.2;88;22;0;0.49;18;17;0;0.0;9;0;0;0.12;67;9;0;0.0;0.0
GB;EU;4D Data Centres Limited;0;0;0.2;88;22;0;0.49;18;17;0;0.0;9;0;0;0.12;67;9;0;0.0;0.0
DE;EU;Deutsche Telekom AG;0;1;0.37;69;40;0;0.94;2;32;1;0.11;8;1;0;0.17;63;13;0;0.33;0.4
LV;EU;SIA SkaTVis;0;0;0.1;18;2;0;0.4;3;2;0;0.0;5;0;0;0.0;12;0;0;0.0;0.0
DE;EU;netcup GmbH;0;0;0.24;65;21;0;0.81;4;17;1;0.0;9;0;0;0.12;56;8;0;0.33;0.2
SE;EU;Telia Company AB;0;1;0.32;71;33;0;0.87;4;27;1;0.0;9;0;0;0.16;62;12;0;0.33;0.4
CH;EU;acdalis ag;0;0;0.19;87;21;0;0.47;18;16;0;0.0;8;0;0;0.12;67;9;0;0.0;0.0
FR;EU;OVH SAS;0;0;0.2;86;22;0;0.49;18;17;0;0.0;9;0;0;0.12;65;9;0;0.0;0.0
GR;EU;SYNAPSECOM S.A. Provider of Telecommunications and Internet Services;0;0;0.23;82;25;0;0.47;18;16;0;0.12;7;1;0;0.16;62;12;0;0.0;0.0
GB;EU;Liquid Telecommunications Ltd;0;0;0.2;83;21;0;0.47;18;16;0;0.0;8;0;0;0.12;63;9;0;0.0;0.0
FR;EU;OVH SAS;0;0;0.19;83;19;0;0.52;13;14;1;0.0;9;0;0;0.12;67;9;0;0.33;0.2
FR;EU;OVH SAS;0;0;0.26;29;10;0;0.45;11;9;0;0.0;2;0;0;0.18;18;4;0;0.0;0.0
RU;EU;JSC ER-Telecom Holding;0;0;0.2;35;9;0;0.58;5;7;1;0.0;3;0;0;0.12;30;4;0;0.33;0.2
AT;EU;ANEXIA Internetdienstleistungs GmbH;0;1;0.36;69;39;0;0.94;2;32;1;0.0;8;0;0;0.16;62;12;0;0.33;0.4
RU;EU;Serveroid, LLC;0;0;0.23;76;23;0;0.75;6;18;1;0.0;9;0;0;0.12;66;9;0;0.33;0.2
NL;EU;Vodafone Libertel B.V.;0;0;0.3;14;6;0;0.75;2;6;0;0.0;1;0;0;0.08;11;1;0;0.0;0.0
UA;EU;Tov Neo-telecom;0;0;0.18;18;4;0;0.43;4;3;0;0.0;2;0;0;0.07;14;1;0;0.0;0.0
GB;EU;Naglotech Limited;0;0;0.2;87;22;0;0.49;18;17;0;0.0;9;0;0;0.12;66;9;0;0.0;0.0
RU;EU;JSC ER-Telecom Holding;0;0;0.2;88;22;0;0.49;18;17;0;0.0;9;0;0;0.12;67;9;0;0.0;0.0
IT;EU;M247 Ltd;0;0;0.2;88;22;0;0.49;18;17;0;0.0;9;0;0;0.12;67;9;0;0.0;0.0
UA;EU;Ltd. Cypher;0;0;0.19;64;15;0;0.48;13;12;0;0.0;6;0;0;0.09;51;5;0;0.0;0.0
DE;EU;netcup GmbH;0;0;0.21;87;23;0;0.51;17;18;1;0.0;9;0;0;0.12;67;9;0;0.33;0.2
DE;EU;Hetzner Online GmbH;0;0;0.22;84;24;0;0.58;14;19;1;0.0;9;0;0;0.12;67;9;0;0.33;0.2
NL;EU;KPN B.V.;0;0;0.2;87;22;0;0.5;17;17;0;0.0;9;0;0;0.12;67;9;0;0.0;0.0
GB;EU;IONOS SE;0;0;0.22;86;24;0;0.49;18;17;0;0.11;8;1;0;0.13;66;10;0;0.0;0.0
--;~~;CleanBrowsing;0;0;0.2;88;22;0;0.49;18;17;0;0.0;9;0;0;0.12;67;9;0;0.0;0.0
DE;EU;netcup GmbH;1;0;0.52;47;50;1;0.71;8;20;1;0.44;5;4;0;0.43;39;29;0;0.33;0.4
RU;EU;Serveroid, LLC;0;0;0.22;82;23;0;0.6;12;18;1;0.0;9;0;0;0.13;66;10;0;0.33;0.2
GB;EU;Gradwell Communications Limited;0;0;0.21;82;22;0;0.5;16;16;0;0.11;8;1;0;0.12;64;9;0;0.0;0.0
RU;EU;PJSC MegaFon;0;0;0.3;16;7;0;0.55;5;6;1;0;0;0;0;0.27;11;4;0;0.33;0.2
RU;EU;JSC Rosin.telekom;0;0;0.2;88;22;0;0.49;18;17;0;0.0;9;0;0;0.12;67;9;0;0.0;0.0
NL;EU;UUNET;0;0;0.33;73;36;0;0.91;3;31;1;0.0;9;0;0;0.14;65;11;0;0.33;0.2
FR;EU;Mediactive SAS;0;0;0.2;88;22;0;0.49;18;17;0;0.0;9;0;0;0.12;67;9;0;0.0;0.0
RU;EU;JSC ER-Telecom Holding;0;0;0.2;87;22;0;0.49;18;17;0;0.0;9;0;0;0.12;66;9;0;0.0;0.0
GB;EU;IONOS SE;0;0;0.22;83;24;0;0.58;14;19;1;0.0;8;0;0;0.12;67;9;0;0.33;0.2
IT;EU;Irideos S.p.A.;0;0;0.08;23;2;0;0.4;3;2;0;0.0;3;0;0;0.0;18;0;0;0.0;0.0
IT;EU;Digital Telco s.r.l.;0;0;0.24;73;23;0;0.82;4;18;1;0.0;9;0;0;0.12;64;9;0;0.33;0.2
DE;EU;netcup GmbH;0;0;0.2;88;22;0;0.49;18;17;0;0.0;9;0;0;0.12;67;9;0;0.0;0.0
--;~~;XTOM;0;0;0.2;88;22;0;0.49;18;17;0;0.0;9;0;0;0.12;67;9;0;0.0;0.0
RO;EU;Vodafone Romania S.A.;1;0;0.34;72;37;0;0.91;3;31;1;0.0;9;0;0;0.16;64;12;0;0.33;0.4
FI;EU;Hetzner Online GmbH;0;0;0.48;13;12;0;0.8;2;8;0;0;0;0;0;0.35;11;6;0;0.0;0.0
FR;EU;SFR SA;0;0;0.19;79;19;0;0.45;17;14;0;0.0;9;0;0;0.13;59;9;0;0.0;0.0
BE;EU;BELNET;0;0;0.2;87;22;0;0.49;18;17;0;0.0;9;0;0;0.12;66;9;0;0.0;0.0
RU;EU;JSC ER-Telecom Holding;0;0;0.17;10;2;0;0.4;3;2;0;0.0;1;0;0;0.0;8;0;0;0.0;0.0
PL;EU;Spoldzielnia Telekomunikacyjna OST;0;0;0.21;15;4;0;0.43;4;3;0;0;0;0;0;0.14;12;2;0;0.0;0.0
UA;EU;Content Delivery Network Ltd;0;0;0.14;59;10;0;0.5;8;8;0;0.0;6;0;0;0.09;50;5;0;0.0;0.0
EE;EU;RGnet OU;0;0;0.2;88;22;0;0.49;18;17;0;0.0;9;0;0;0.12;67;9;0;0.0;0.0
GB;EU;DIGITALOCEAN-ASN;0;1;0.23;83;25;0;0.57;15;20;1;0.0;9;0;0;0.15;63;11;0;0.33;0.4
DE;EU;diva-e Datacenters GmbH;0;1;0.32;73;35;0;0.88;4;29;1;0.0;9;0;0;0.16;64;12;0;0.33;0.4
RU;EU;JSC ER-Telecom Holding;0;0;0.21;46;12;0;0.45;11;9;0;0.0;2;0;0;0.1;35;4;0;0.0;0.0
RU;EU;JSC ER-Telecom Holding;0;0;0.26;17;6;0;0.4;6;4;0;0.0;1;0;0;0.23;10;3;0;0.0;0.0
RU;EU;JSC ER-Telecom Holding;0;0;0.2;79;20;0;0.52;14;15;1;0.0;7;0;0;0.12;63;9;0;0.33;0.2
RU;EU;JSC ER-Telecom Holding;0;0;0.15;29;5;0;0.33;8;4;0;0.0;2;0;0;0.04;23;1;0;0.0;0.0
RU;EU;JSC ER-Telecom Holding;0;0;0.22;21;6;0;0.56;4;5;0;0.0;1;0;0;0.06;17;1;0;0.0;0.0
RU;EU;YANDEX LLC;0;0;0.2;86;22;0;0.52;16;17;1;0.0;9;0;0;0.12;67;9;0;0.33;0.2
RU;EU;JSC ER-Telecom Holding;0;0;0.23;27;8;0;0.5;6;6;0;0.0;2;0;0;0.16;21;4;0;0.0;0.0
GB;EU;Iomart Cloud Services Limited;0;0;0.22;72;20;0;0.48;16;15;0;0.0;7;0;0;0.14;54;9;0;0.0;0.0
FR;EU;OVH SAS;0;0;0.21;85;23;0;0.52;16;17;1;0.0;9;0;0;0.13;66;10;0;0.33;0.2
BE;EU;Telenet BVBA;0;0;0.13;92;14;0;0.19;26;6;0;0.11;8;1;0;0.12;66;9;0;0.0;0.0
FR;EU;OVH SAS;0;0;0.32;13;6;0;0.33;4;2;0;0;0;0;0;0.36;9;5;0;0.0;0.0
FR;EU;SFR SA;0;0;0.36;21;12;0;0.8;2;8;0;0.0;4;0;0;0.3;16;7;0;0.0;0.0
CH;EU;Bluewin;0;1;0.33;73;36;0;0.88;4;30;1;0.0;9;0;0;0.16;64;12;0;0.33;0.4
RU;EU;Rostelecom;0;0;0.17;33;7;0;0.5;7;7;0;0.0;5;0;0;0.0;25;0;0;0.0;0.0
RU;EU;Joint-stock company Internet Exchange MSK-IX;0;0;0.2;88;22;0;0.49;18;17;0;0.0;9;0;0;0.12;67;9;0;0.0;0.0
SK;EU;BONET Systems, s.r.o.;0;0;0.2;88;22;0;0.49;18;17;0;0.0;9;0;0;0.12;67;9;0;0.0;0.0
DE;EU;ADDIX Internet Services GmbH;0;0;0.2;88;22;0;0.49;18;17;0;0.0;9;0;0;0.12;67;9;0;0.0;0.0
RU;EU;Rostelecom;0;0;0.19;88;21;0;0.47;18;16;0;0.0;9;0;0;0.12;67;9;0;0.0;0.0
RU;EU;LLC Megacom-IT;0;0;0.23;10;3;0;0.4;3;2;0;0.0;1;0;0;0.12;7;1;0;0.0;0.0
DE;EU;OVH SAS;0;1;0.27;78;29;0;0.64;12;21;1;0.11;8;1;0;0.15;64;11;0;0.33;0.4
NO;EU;Globalconnect As;0;0;0.2;88;22;0;0.49;18;17;0;0.0;9;0;0;0.12;67;9;0;0.0;0.0
GB;EU;IONOS SE;0;0;0.19;77;18;0;0.41;16;11;0;0.12;7;1;0;0.13;60;9;0;0.0;0.0
FR;EU;Host Europe GmbH;0;0;0.19;84;20;0;0.5;15;15;0;0.0;9;0;0;0.12;65;9;0;0.0;0.0
RU;EU;YANDEX LLC;0;0;0.2;86;22;0;0.5;17;17;0;0.0;9;0;0;0.12;66;9;0;0.0;0.0
GB;EU;M247 Ltd;0;0;0.3;69;30;0;0.86;4;25;1;0.0;9;0;0;0.15;60;11;0;0.33;0.2
DE;EU;netcup GmbH;0;0;0.22;85;24;0;0.54;16;19;1;0.0;9;0;0;0.12;66;9;0;0.33;0.2
NL;EU;The Infrastructure Group B.V.;0;0;0.21;87;23;0;0.49;18;17;0;0.0;9;0;0;0.13;66;10;0;0.0;0.0
DE;EU;ORACLE-BMC-31898;0;0;0.2;86;22;0;0.49;18;17;0;0.0;8;0;0;0.12;66;9;0;0.0;0.0
DE;EU;meerfarbig GmbH & Co. KG;0;0;0.22;80;22;0;0.52;16;17;1;0.0;9;0;0;0.13;61;9;0;0.33;0.2
IT;EU;Prometeo S.p.A.;0;1;0.33;72;35;0;0.88;4;29;1;0.0;9;0;0;0.16;63;12;0;0.33;0.4
RS;EU;TELEKOM SRBIJA a.d.;0;0;0.34;21;11;0;0.57;6;8;1;0.0;1;0;0;0.21;15;4;0;0.33;0.2
--;~~;Verisign Public DNS;0;0;0.25;82;28;0;0.66;12;23;1;0.0;9;0;0;0.14;65;11;0;0.33;0.2
RU;EU;JSC ER-Telecom Holding;0;0;0.18;42;9;0;0.5;8;8;0;0.0;4;0;0;0.06;31;2;0;0.0;0.0
RU;EU;YANDEX LLC;0;0;0.21;83;22;0;0.52;16;17;1;0.0;8;0;0;0.12;65;9;0;0.33;0.2
GB;EU;SPRINTLINK;0;0;0.12;86;12;0;0.3;16;7;0;0.0;9;0;0;0.09;67;7;0;0.0;0.0
RU;EU;Avelacom Business Ltd.;0;0;0.2;84;21;0;0.55;14;17;1;0.0;9;0;0;0.11;67;8;0;0.33;0.2
RU;EU;Rostelecom;0;0;0.19;74;17;0;0.48;13;12;0;0.0;7;0;0;0.12;59;8;0;0.0;0.0
RU;EU;JSC ER-Telecom Holding;0;0;0.24;26;8;0;0.57;3;4;0;0.0;3;0;0;0.15;22;4;0;0.0;0.0
FR;EU;OVH SAS;0;0;0.2;88;22;0;0.49;18;17;0;0.0;9;0;0;0.12;67;9;0;0.0;0.0
RO;EU;HOSTHATCH;0;0;0.21;87;23;0;0.49;18;17;0;0.0;9;0;0;0.13;66;10;0;0.0;0.0
DE;EU;Probe Networks;0;0;0.2;88;22;0;0.49;18;17;0;0.0;9;0;0;0.12;67;9;0;0.0;0.0
IT;EU;Tiscali SpA;0;0;0.21;68;18;0;0.58;11;15;1;0.0;8;0;0;0.1;54;6;0;0.33;0.2
GB;EU;IONOS SE;0;0;0.22;83;24;0;0.58;14;19;1;0.0;9;0;0;0.12;66;9;0;0.33;0.2
FR;EU;Orange;1;0;0.26;81;28;0;0.57;15;20;1;0.0;9;0;0;0.16;63;12;0;0.33;0.4
RU;EU;Rostelecom;0;0;0.24;42;13;0;0.65;6;11;1;0.0;5;0;0;0.1;36;4;0;0.33;0.2
IT;EU;Irideos S.p.A.;0;0;0.19;83;19;0;0.48;15;14;0;0.0;8;0;0;0.12;66;9;0;0.0;0.0
RU;EU;JSC ER-Telecom Holding;0;0;0.2;20;5;0;0.44;5;4;0;0;0;0;0;0.06;16;1;0;0.0;0.0
GB;EU;UUNET;0;0;0.34;73;37;0;0.91;3;32;1;0.0;9;0;0;0.14;65;11;0;0.33;0.2
RU;EU;Rostelecom;0;0;0.18;90;20;0;0.46;19;16;0;0.0;9;0;0;0.09;69;7;0;0.0;0.0
BG;EU;Ng Ltd;0;0;0.11;34;4;0;0.36;7;4;0;0.0;6;0;0;0.04;24;1;0;0.0;0.0
DE;EU;myLoc managed IT AG;0;0;0.2;88;22;0;0.49;18;17;0;0.0;9;0;0;0.12;67;9;0;0.0;0.0
FR;EU;OVH SAS;0;0;0.19;85;20;0;0.5;16;16;0;0.0;9;0;0;0.11;66;8;0;0.0;0.0
NL;EU;UUNET;0;0;0.34;73;37;0;0.91;3;32;1;0.0;9;0;0;0.14;65;11;0;0.33;0.2
FR;EU;Mediactive SAS;0;0;0.2;88;22;0;0.49;18;17;0;0.0;9;0;0;0.12;67;9;0;0.0;0.0
UA;EU;Maximum-Net LLC;0;0;0.24;52;16;0;0.68;7;15;1;0.0;8;0;0;0.09;42;4;0;0.33;0.2
FR;EU;OVH SAS;0;0;0.21;73;19;0;0.47;16;14;0;0.0;7;0;0;0.14;54;9;0;0.0;0.0
RU;EU;Rostelecom;0;0;0.19;86;20;0;0.48;16;15;0;0.0;9;0;0;0.11;67;8;0;0.0;0.0
CH;EU;Bluewin;0;0;0.2;88;22;0;0.49;18;17;0;0.0;9;0;0;0.12;67;9;0;0.0;0.0
DE;EU;Deutsche Telekom AG;0;0;0.26;81;28;0;0.66;12;23;1;0.0;9;0;0;0.12;66;9;0;0.33;0.2
FR;EU;OVH SAS;0;0;0.21;84;23;0;0.56;14;18;1;0.0;9;0;0;0.12;67;9;0;0.33;0.2
CH;EU;Bluewin;0;0;0.2;88;22;0;0.49;18;17;0;0.0;9;0;0;0.12;67;9;0;0.0;0.0
AL;EU;Kujtesa Net Sh.p.k.;0;0;0.25;33;11;0;0.59;7;10;1;0.0;4;0;0;0.15;22;4;0;0.33;0.2
RU;EU;Joint Stock Company TransTeleCom;0;0;0.2;88;22;0;0.49;18;17;0;0.0;9;0;0;0.12;67;9;0;0.0;0.0
BG;EU;novatel Eood;1;0;0.35;72;38;0;0.94;2;33;1;0.0;9;0;0;0.14;65;11;0;0.33;0.4
RU;EU;Serveroid, LLC;0;0;0.19;88;21;0;0.47;18;16;0;0.0;9;0;0;0.12;67;9;0;0.0;0.0
RO;EU;RCS & RDS;0;0;0.12;85;12;0;0.3;16;7;0;0.0;9;0;0;0.1;66;7;0;0.0;0.0
SE;EU;A3 Sverige AB;0;0;0.2;87;22;0;0.5;17;17;0;0.0;9;0;0;0.12;67;9;0;0.0;0.0
RU;EU;Rostelecom;0;0;0.26;51;18;0;0.56;11;14;1;0.0;7;0;0;0.17;38;8;0;0.33;0.2
DE;EU;Probe Networks;0;0;0.2;88;22;0;0.49;18;17;0;0.0;9;0;0;0.12;67;9;0;0.0;0.0
--;~~;CyberGhost;0;0;0.21;87;23;0;0.51;17;18;1;0.0;9;0;0;0.12;67;9;0;0.33;0.2
CH;EU;Bluewin;0;0;0.2;88;22;0;0.49;18;17;0;0.0;9;0;0;0.12;67;9;0;0.0;0.0
NL;EU;MICROSOFT-CORP-MSN-AS-BLOCK;0;0;0.2;88;22;0;0.49;18;17;0;0.0;9;0;0;0.12;67;9;0;0.0;0.0
NL;EU;XTOM;0;0;0.2;88;22;0;0.49;18;17;0;0.0;9;0;0;0.12;67;9;0;0.0;0.0
RU;EU;IT Ltd.;0;0;0.2;88;22;0;0.49;18;17;0;0.0;9;0;0;0.12;67;9;0;0.0;0.0
RU;EU;NPP Saturn Telecom Ltd.;0;0;0.2;45;11;0;0.5;9;9;0;0.0;5;0;0;0.1;35;4;0;0.0;0.0
RO;EU;Vodafone Romania S.A.;1;0;0.22;86;24;0;0.54;16;19;1;0.0;9;0;0;0.12;67;9;0;0.33;0.4
RU;EU;JSC ER-Telecom Holding;0;0;0.35;15;8;0;0.62;5;8;1;0.0;1;0;0;0.09;10;1;0;0.33;0.2
PL;EU;ATM S.A.;0;0;0.2;88;22;0;0.49;18;17;0;0.0;9;0;0;0.12;67;9;0;0.0;0.0
PL;EU;Netia SA;0;0;0.17;15;3;0;0.38;5;3;0;0.0;2;0;0;0.0;10;0;0;0.0;0.0
GB;EU;IONOS SE;0;0;0.22;77;22;0;0.57;13;17;1;0.0;8;0;0;0.13;61;9;0;0.33;0.2
GB;EU;OVH SAS;0;0;0.29;35;14;0;0.45;17;14;0;0.0;8;0;0;0.12;15;2;0;0.0;0.0
GB;EU;British Telecommunications PLC;0;0;0.18;86;19;0;0.45;17;14;0;0.0;9;0;0;0.11;66;8;0;0.0;0.0
RU;EU;YANDEX LLC;0;0;0.2;84;21;0;0.5;16;16;0;0.0;9;0;0;0.12;65;9;0;0.0;0.0
RU;EU;Rostelecom;0;0;0.15;28;5;0;0.38;5;3;0;0.0;2;0;0;0.11;24;3;0;0.0;0.0
RU;EU;IT Ltd.;0;0;0.2;86;22;0;0.52;16;17;1;0.0;9;0;0;0.11;67;8;0;0.33;0.2
RU;EU;Network Management Ltd;0;0;0.2;88;22;0;0.49;18;17;0;0.0;9;0;0;0.12;67;9;0;0.0;0.0
CZ;EU;CZ.NIC, z.s.p.o.;0;0;0.2;83;21;0;0.52;15;16;1;0.0;7;0;0;0.11;66;8;0;0.33;0.2
RU;EU;Serveroid, LLC;0;0;0.2;87;22;0;0.5;17;17;0;0.0;9;0;0;0.12;67;9;0;0.0;0.0
RU;EU;JSC ER-Telecom Holding;0;0;0.21;31;8;0;0.55;5;6;1;0.0;4;0;0;0.14;24;4;0;0.33;0.2
DE;EU;Vodafone GmbH;0;0;0.19;88;21;0;0.47;18;16;0;0.0;9;0;0;0.12;67;9;0;0.0;0.0
DE;EU;myLoc managed IT AG;0;0;0.2;87;22;0;0.49;18;17;0;0.0;9;0;0;0.12;66;9;0;0.0;0.0
FR;EU;SFR SA;0;0;0.2;75;19;0;0.47;16;14;0;0.0;9;0;0;0.14;56;9;0;0.0;0.0
RU;EU;Rostelecom;0;0;0.16;47;9;0;0.44;9;7;0;0.0;6;0;0;0.05;37;2;0;0.0;0.0
RU;EU;Net By Net Holding LLC;0;0;0.23;72;21;0;0.57;12;16;1;0.0;8;0;0;0.14;56;9;0;0.33;0.2
GB;EU;M247 Ltd;0;0;0.2;88;22;0;0.49;18;17;0;0.0;9;0;0;0.12;67;9;0;0.0;0.0
DE;EU;OVH SAS;0;0;0.2;88;22;0;0.49;18;17;0;0.0;9;0;0;0.12;67;9;0;0.0;0.0
RU;EU;Digit One LLC;0;0;0.19;85;20;0;0.47;18;16;0;0.0;9;0;0;0.11;64;8;0;0.0;0.0
GB;EU;Electronic Media Services Ltd;0;0;0.19;73;17;0;0.46;15;13;0;0.0;8;0;0;0.13;55;8;0;0.0;0.0
RU;EU;IT Ltd.;0;0;0.15;58;10;0;0.47;8;7;0;0.0;6;0;0;0.08;46;4;0;0.0;0.0
DE;EU;Strato AG;0;0;0.18;61;13;0;0.42;15;11;0;0.0;7;0;0;0.06;44;3;0;0.0;0.0
CH;EU;Bluewin;0;0;0.2;88;22;0;0.49;18;17;0;0.0;9;0;0;0.12;67;9;0;0.0;0.0
DE;EU;Hetzner Online GmbH;0;0;0.2;88;22;0;0.49;18;17;0;0.0;9;0;0;0.12;67;9;0;0.0;0.0
IT;EU;Archimedia SRL;0;0;0.26;52;18;0;0.79;4;15;1;0.0;6;0;0;0.13;47;7;0;0.33;0.2
RU;EU;JSC ER-Telecom Holding;0;0;0.17;40;8;0;0.54;6;7;1;0.0;2;0;0;0.05;35;2;0;0.33;0.2
RU;EU;Rostelecom;0;0;0.18;69;15;0;0.46;13;11;0;0.0;7;0;0;0.11;54;7;0;0.0;0.0
DE;EU;vServer.site LTD;0;0;0.19;86;20;0;0.45;18;15;0;0.0;8;0;0;0.12;66;9;0;0.0;0.0
PL;EU;ATM S.A.;0;0;0.19;87;21;0;0.48;17;16;0;0.0;9;0;0;0.12;67;9;0;0.0;0.0
DE;EU;M247 Ltd;0;0;0.21;87;23;0;0.51;17;18;1;0.0;9;0;0;0.12;67;9;0;0.33;0.2
NL;EU;UUNET;0;0;0.34;73;37;0;0.91;3;32;1;0.0;9;0;0;0.14;65;11;0;0.33;0.2
RU;EU;PJSC MegaFon;0;0;0.18;81;18;0;0.52;13;14;1;0.0;8;0;0;0.11;66;8;0;0.33;0.2
LU;EU;2.56.220.2;0;0;0.21;87;23;0;0.51;17;18;1;0.0;9;0;0;0.12;67;9;0;0.33;0.2
DE;EU;Freie Netze Muenchen e.V.;0;0;0.22;86;24;0;0.54;16;19;1;0.0;9;0;0;0.12;67;9;0;0.33;0.2
GB;EU;CW Vodafone Group PLC;0;0;0.2;87;22;0;0.49;18;17;0;0.0;9;0;0;0.12;66;9;0;0.0;0.0
RU;EU;OOO Net-Nord;0;0;0.21;80;21;0;0.48;17;16;0;0.0;9;0;0;0.12;60;8;0;0.0;0.0
RU;EU;JSC ER-Telecom Holding;0;0;0.08;11;1;0;0.33;2;1;0;0.0;2;0;0;0.0;7;0;0;0.0;0.0
CH;EU;Bluewin;0;0;0.2;88;22;0;0.49;18;17;0;0.0;9;0;0;0.12;67;9;0;0.0;0.0
CH;EU;Bluewin;0;0;0.2;87;22;0;0.5;17;17;0;0.0;9;0;0;0.12;67;9;0;0.0;0.0
DE;EU;Contabo GmbH;0;0;0.21;83;22;0;0.53;15;17;1;0.0;8;0;0;0.12;66;9;0;0.33;0.2
RU;EU;Rostelecom;0;0;0.18;80;18;0;0.52;13;14;1;0.0;9;0;0;0.11;64;8;0;0.33;0.2
CH;EU;Bluewin;0;0;0.2;88;22;0;0.49;18;17;0;0.0;9;0;0;0.12;67;9;0;0.0;0.0
--;~~;Safe DNS;0;0;0.21;86;23;0;0.5;17;17;0;0.0;9;0;0;0.13;66;10;0;0.0;0.0
FI;EU;Hetzner Online GmbH;0;0;0.19;88;21;0;0.47;18;16;0;0.0;9;0;0;0.12;67;9;0;0.0;0.0
FR;EU;OVH SAS;0;0;0.21;84;22;0;0.55;14;17;1;0.0;9;0;0;0.12;67;9;0;0.33;0.2
DE;EU;netcup GmbH;0;0;0.22;86;24;0;0.54;16;19;1;0.0;9;0;0;0.12;67;9;0;0.33;0.2
GB;EU;IONOS SE;0;0;0.24;81;25;0;0.59;13;19;1;0.11;8;1;0;0.12;66;9;0;0.33;0.2
UA;EU;Kyivstar PJSC;1;0;1.0;0;7;0;1.0;0;7;0;0;0;0;0;1.0;0;3;0;0.0;0.2
RU;EU;Limited Liability Company TTK-Svyaz;0;0;0.33;4;2;0;1.0;0;1;0;0.0;2;0;0;0.5;2;2;0;0.0;0.0
CH;EU;Bluewin;0;0;0.2;88;22;0;0.49;18;17;0;0.0;9;0;0;0.12;67;9;0;0.0;0.0
RU;EU;Beltelecom LLC;0;0;0.26;32;11;0;0.59;7;10;1;0.0;1;0;0;0.14;24;4;0;0.33;0.2
NL;EU;NForce Entertainment B.V.;0;1;0.33;73;36;0;0.88;4;30;1;0.0;9;0;0;0.16;64;12;0;0.33;0.4
FR;EU;Association Gitoyen;0;0;0.21;77;20;0;0.67;8;16;1;0.0;9;0;0;0.11;65;8;0;0.33;0.2
--;~~;Comodo Secure;0;0;0.22;70;20;0;0.8;4;16;1;0.0;9;0;0;0.12;61;8;0;0.33;0.2
RU;EU;Holding Company Interros (LLC);0;0;0.2;86;22;0;0.49;18;17;0;0.0;9;0;0;0.12;65;9;0;0.0;0.0
BG;EU;Orlandonet ltd.;0;0;0.07;27;2;0;0.12;7;1;0;0.0;2;0;0;0.05;21;1;0;0.0;0.0
NL;EU;UUNET;0;0;0.34;73;37;0;0.91;3;32;1;0.0;9;0;0;0.14;65;11;0;0.33;0.2
DE;EU;UUNET;0;0;0.34;73;37;0;0.91;3;32;1;0.0;9;0;0;0.14;65;11;0;0.33;0.2
RU;EU;OnTelecom LLC;0;0;0.22;7;2;0;0.5;2;2;0;0.0;1;0;0;0.17;5;1;0;0.0;0.0
DE;EU;DIGITALOCEAN-ASN;0;0;0.2;88;22;0;0.49;18;17;0;0.0;9;0;0;0.12;67;9;0;0.0;0.0
LT;EU;Telia Lietuva, AB;0;0;0.24;63;20;0;0.61;9;14;1;0.0;7;0;0;0.15;53;9;0;0.33;0.2
PL;EU;University of Warmia and Mazury in Olsztyn, Poland;0;0;0.22;66;19;0;0.56;12;15;1;0.0;7;0;0;0.13;52;8;0;0.33;0.2
FR;EU;OVH SAS;0;0;0.2;86;21;0;0.5;16;16;0;0.0;9;0;0;0.12;67;9;0;0.0;0.0
ES;EU;M247 Ltd;0;0;0.23;84;25;0;0.49;18;17;0;0.0;8;0;0;0.16;64;12;0;0.0;0.0
RU;EU;JSC ER-Telecom Holding;0;0;0.17;33;7;0;0.5;4;4;0;0.0;4;0;0;0.1;28;3;0;0.0;0.0
RU;EU;YANDEX LLC;0;0;0.18;86;19;0;0.47;16;14;0;0.0;9;0;0;0.12;67;9;0;0.0;0.0
IT;EU;Dieffeitalia.it S.r.l.;0;0;0.17;25;5;0;0.4;3;2;0;0.0;1;0;0;0.12;21;3;0;0.0;0.0
RU;EU;OJSC Comcor;0;0;0.23;24;7;0;0.43;8;6;0;0.0;2;0;0;0.12;15;2;0;0.0;0.0
RU;EU;Rostelecom;0;0;0.21;63;17;0;0.44;15;12;0;0.0;6;0;0;0.15;47;8;0;0.0;0.0
RU;EU;PJSC Bashinformsvyaz;0;0;0.25;6;2;0;0.0;1;0;0;0.0;1;0;0;0.33;4;2;0;0.0;0.0
GB;EU;LEVEL3;0;0;0.2;86;21;0;0.39;20;13;0;0.12;7;1;0;0.12;67;9;0;0.0;0.0
NL;EU;UUNET;0;0;0.34;73;37;0;0.91;3;32;1;0.0;9;0;0;0.14;65;11;0;0.33;0.2
DE;EU;CW Vodafone Group PLC;0;0;0.2;86;22;0;0.52;16;17;1;0.0;9;0;0;0.12;67;9;0;0.33;0.2
CH;EU;Exion Networks SA;0;0;0.23;74;22;0;0.57;13;17;1;0.0;8;0;0;0.14;57;9;0;0.33;0.2
DE;EU;Hetzner Online GmbH;0;0;0.2;86;22;0;0.49;18;17;0;0.0;9;0;0;0.12;65;9;0;0.0;0.0
CH;EU;Monzoon Networks AG;0;0;0.2;88;22;0;0.49;18;17;0;0.0;9;0;0;0.12;67;9;0;0.0;0.0
DE;EU;myLoc managed IT AG;0;0;0.2;88;22;0;0.49;18;17;0;0.0;9;0;0;0.12;67;9;0;0.0;0.0
GB;EU;Gigastream plc;1;1;0.46;57;48;0;0.66;12;23;1;0.22;7;2;0;0.39;43;28;0;0.33;0.6
DE;EU;Hetzner Online GmbH;0;0;0.21;83;22;0;0.48;17;16;0;0.0;9;0;0;0.12;63;9;0;0.0;0.0
--;~~;Hurricane Electric;0;0;0.2;86;22;0;0.49;18;17;0;0.0;9;0;0;0.12;65;9;0;0.0;0.0
RU;EU;JSC ER-Telecom Holding;0;0;0.2;88;22;0;0.49;18;17;0;0.0;9;0;0;0.12;67;9;0;0.0;0.0
UA;EU;Lancom Ltd.;0;0;0.26;35;12;0;0.46;13;11;0;0.0;5;0;0;0.13;20;3;0;0.0;0.0
DE;EU;Hetzner Online GmbH;0;0;0.19;88;21;0;0.47;18;16;0;0.0;9;0;0;0.12;67;9;0;0.0;0.0
--;~~;XTOM;0;0;0.2;87;22;0;0.5;17;17;0;0.0;9;0;0;0.12;67;9;0;0.0;0.0
PL;EU;Academic Computer Centre CYFRONET AGH;0;0;0.23;85;25;0;0.49;18;17;0;0.22;7;2;0;0.16;64;12;0;0.0;0.0
BE;EU;Telenet BVBA;0;0;0.14;90;15;0;0.18;27;6;0;0.12;7;1;0;0.14;62;10;0;0.0;0.0
CZ;EU;CZ.NIC, z.s.p.o.;0;0;0.2;86;22;0;0.5;17;17;0;0.0;8;0;0;0.12;67;9;0;0.0;0.0
PL;EU;eTOP sp. z o.o.;0;0;0.22;83;23;0;0.45;18;15;0;0.0;9;0;0;0.15;62;11;0;0.0;0.0
FR;EU;OVH SAS;0;0;0.21;84;23;0;0.53;16;18;1;0.0;9;0;0;0.12;65;9;0;0.33;0.2
